,ID,Description,GeneRatio,BgRatio,pvalue,p.adjust,qvalue,geneID,Count
hsa05323,hsa05323,Rheumatoid arthritis,8/48,93/8113,5.69594047195205E-08,6.57622218125373E-07,4.74207484267778E-07,3127/3117/3113/3115/3123/6352/3689/3122,8
hsa04658,hsa04658,Th1 and Th2 cell differentiation,7/48,92/8113,9.65765830762864E-07,7.2148388533461E-06,5.20257754033246E-06,3127/3117/3561/3113/3115/3123/3122,7
hsa05169,hsa05169,Epstein-Barr virus infection,9/48,202/8113,2.22521633917694E-06,1.57001375041928E-05,1.1321276111602E-05,3127/3117/7431/3107/3113/9636/3115/3123/3122,9
hsa04659,hsa04659,Th17 cell differentiation,7/48,108/8113,2.86259580718345E-06,1.91341930269631E-05,1.37975531980587E-05,3127/3117/3561/3113/3115/3123/3122,7
hsa05322,hsa05322,Systemic lupus erythematosus,7/48,136/8113,1.32267152126607E-05,7.99901348575196E-05,5.76804122055881E-05,3127/3117/3113/3115/3123/2214/3122,7